{
  "lang":"en",
  "name":"pipeline",
  "version":"0.0.0",
  "spacy_version":">=3.8.13,<3.9.0",
  "description":"",
  "author":"",
  "email":"",
  "url":"",
  "license":"",
  "spacy_git_version":"fdca647",
  "vectors":{
    "width":0,
    "vectors":0,
    "keys":0,
    "name":null,
    "mode":"default"
  },
  "labels":{
    "tok2vec":[

    ],
    "ner":[
      "ACTION",
      "CERTIFICATION",
      "COLLABORATION",
      "COMPANY",
      "DESIGNATION",
      "EDUCATION",
      "EMAIL",
      "EXPERIENCE",
      "EXPERTISE",
      "LANGUAGE",
      "LOCATION",
      "OTHER",
      "PERSON",
      "SKILL"
    ]
  },
  "pipeline":[
    "tok2vec",
    "ner"
  ],
  "components":[
    "tok2vec",
    "ner"
  ],
  "disabled":[

  ],
  "performance":{
    "ents_f":0.547547205,
    "ents_p":0.5530698171,
    "ents_r":0.5421337933,
    "ents_per_type":{
      "SKILL":{
        "p":0.5598575292,
        "r":0.5797022265,
        "f":0.5696070865
      },
      "OTHER":{
        "p":0.3883161512,
        "r":0.1054104478,
        "f":0.1658107117
      },
      "EXPERIENCE":{
        "p":0.3571428571,
        "r":0.5064935065,
        "f":0.4189044039
      },
      "LOCATION":{
        "p":0.3833992095,
        "r":0.2298578199,
        "f":0.2874074074
      },
      "PERSON":{
        "p":0.4615384615,
        "r":0.1150159744,
        "f":0.1841432225
      },
      "EDUCATION":{
        "p":0.4035087719,
        "r":0.214953271,
        "f":0.2804878049
      },
      "DESIGNATION":{
        "p":0.4672131148,
        "r":0.1126482213,
        "f":0.1815286624
      },
      "CERTIFICATION":{
        "p":0.0,
        "r":0.0,
        "f":0.0
      },
      "EXPERTISE":{
        "p":0.0,
        "r":0.0,
        "f":0.0
      },
      "ACTION":{
        "p":0.0,
        "r":0.0,
        "f":0.0
      },
      "COLLABORATION":{
        "p":0.0,
        "r":0.0,
        "f":0.0
      },
      "EMAIL":{
        "p":0.8541666667,
        "r":0.9010989011,
        "f":0.8770053476
      },
      "COMPANY":{
        "p":0.0,
        "r":0.0,
        "f":0.0
      },
      "LANGUAGE":{
        "p":0.0,
        "r":0.0,
        "f":0.0
      }
    },
    "tok2vec_loss":220290.823218748,
    "ner_loss":18234.64453125
  }
}